id;title;content;writer;date;imgpath
1;Solutions Tuna capacitor;Rubber Face to face;Timor-Leste Grocery;salmon analyzing;AI North Korean Won
2;driver leading edge copying;virtual tan invoice;Technician;cyan Tactics;cyan Global high-level
3;dynamic programming input;Fiji Dollar Cotton compress;Engineer haptic compress;Awesome Granite Hat Groves;payment
4;payment driver;plum transmitter;Pakistan Rupee;next-generation Congolese Franc;eyeballs redefine Personal Loan Account
5;Alley SSL Missouri;payment back-end;XSS;De-engineered synthesize user-centric;Reactive River
6;interactive well-modulated program;wireless holistic empowering;Kids invoice;Corporate Re-engineered;support white
7;New Leu payment;functionalities azure backing up;deposit Harbors;service-desk;indexing
8;Outdoors;Money Market Account Steel;protocol Shoes B2B;US Dollar Tactics;Web
9;local area network;Soft;Director IB alarm;Program;Kids Nevada
10;didactic;mint green Persevering mobile;Refined Soft Car;hack;bus
